productName,category,price,stockQuantity
Monitor,Electronics,699.94,245
T-Shirt,Clothing,974.46,160
Puzzle,Books,102.94,190
Desk,Furniture,588.47,239
Desk,Furniture,1489.94,208
Doll,Toys,681.97,126
Jacket,Clothing,1338.63,196
Board Game,Toys,259.1,129
Laptop,Electronics,181.84,55
Bookshelf,Furniture,109.97,63
Monitor,Electronics,425.76,127
Laptop,Electronics,1216.56,37
T-Shirt,Clothing,47.98,231
Board Game,Toys,1388.17,200
Action Figure,Furniture,1343.51,72
Doll,Toys,1395.92,244
Magazine,Books,382.07,300
Tablet,Furniture,1010.29,278
Keyboard,Clothing,1205.64,170
Magazine,Books,537.9,197
Textbook,Books,1199.81,261
Novel,Books,973.48,228
Desk,Clothing,1139.07,191
Keyboard,Electronics,1318.66,248
Keyboard,Electronics,771.58,63
Jeans,Clothing,75.56,267
Action Figure,Furniture,706.13,14
Puzzle,Books,1060.5,231
Mouse,Electronics,1095.81,123
Novel,Clothing,925.03,118
Jacket,Clothing,1153.81,36
Lamp,Furniture,945.27,212
Board Game,Toys,1472.72,174
Tablet,Furniture,766.37,97
Action Figure,Clothing,355.2,20
Smartphone,Electronics,933.88,135
Textbook,Books,1310.31,168
Mouse,Electronics,686.93,283
T-Shirt,Clothing,50.53,128
Magazine,Books,575.46,17
Lamp,Furniture,183.1,239
Magazine,Books,838.03,255
Mouse,Electronics,1174.32,166
Keyboard,Electronics,253.75,256
Chair,Furniture,1000.92,18
T-Shirt,Clothing,71.18,296
Jeans,Clothing,208.78,143
Doll,Furniture,1343.0,43
Laptop,Electronics,987.13,269
Jacket,Clothing,274.48,269
